Model,RMSE,MAE
ARIMA,57332.14043158761,51304.95300830753
LSTM,2938.573285517951,2245.4797929447855
